structure_id,formula,n_atoms,volume,cell_a,cell_b,cell_c,system_type,bandgap,homo_energy,lumo_energy,homo_idx,lumo_idx,method,basis,converged,total_energy,error
0,Cd36S36,72,1790.089868501848,12.39778545,10.73679715,13.44794642,periodic,0.0004630519499100403,0.01220383104139708,0.01266688299130712,503,504,pbe,sto-3g,True,-15883.744710932355,
1,Cd36S36,72,1790.089868501848,12.39778545,10.73679715,13.44794642,periodic,0.00034427418334994665,0.00844585572008596,0.008790129903435907,503,504,pbe,sto-3g,True,-15884.066146464655,
2,Cd36S36,72,1790.089868501848,12.39778545,10.73679715,13.44794642,periodic,0.00010891546889643146,0.008162324234602553,0.008271239703498984,503,504,pbe,sto-3g,True,-15885.089783394142,
