generation,best_fitness,avg_fitness,std_fitness
0,0.000999000999000999,0.000999000999000999,0.0
1,0.000999000999000999,0.000999000999000999,0.0
