generation,best_fitness,avg_fitness,std_fitness
0,0.49717400537676004,0.49717400537676004,0.0
1,0.49717400537676004,0.49717400537676004,0.0
