iteration,best_fitness
0,0.021649369252133687
1,0.020743243807015595
2,0.017419262081444373
3,0.015269078569084469
