best_fitness,avg_fitness,std_fitness
4000.0,4833.333333333333,552.7707983925667
