generation,best_fitness,avg_fitness,std_fitness
0,0.7940501941004037,0.5178200372796475,0.18578154050183537
1,0.7940501941004037,0.6109752902420656,0.19593079012540152
